date,SPY,QQQ,IWM,EFA,EEM,XLK,XLF,XLE,XLV,XLY,XLP,XLI,XLU,TLT,IEF,LQD,HYG,SHY,GLD,SLV,DBC,VNQ
2008-01-01,97.84487915039062,38.77293395996094,55.23857116699219,41.4673957824707,30.937829971313477,9.094661712646484,16.595172882080078,19.61210823059082,24.439952850341797,12.890037536621094,16.536861419677734,25.88041877746582,10.282148361206055,54.15053939819336,57.23143768310547,52.568946838378906,31.4763240814209,62.08263397216797,91.4000015258789,16.81800079345703,27.033496856689453,28.365909576416016
2008-02-01,95.31629943847656,36.899993896484375,53.61895751953125,41.043216705322266,31.55481719970703,8.664376258850098,14.710129737854004,21.429609298706055,23.787254333496094,12.391531944274902,16.49430274963379,25.35581398010254,9.860060691833496,53.903961181640625,57.9406623840332,52.19761276245117,30.88792610168457,62.72410202026367,96.18000030517578,19.667999267578125,30.046466827392578,27.46348762512207
2008-03-01,94.4639892578125,37.59090805053711,53.26192855834961,41.21519088745117,30.370555877685547,8.764542579650879,14.277636528015137,20.928943634033203,22.70633888244629,12.170158386230469,17.028697967529297,26.276395797729492,10.018342971801758,55.05693435668945,58.71553421020508,51.88589859008789,31.180145263671875,62.883087158203125,90.41000366210938,17.041000366210938,29.771806716918945,29.24457359313965
2008-04-01,98.96636199951172,40.59162521362305,55.687530517578125,43.45650863647461,33.14590072631836,9.31232738494873,15.2765531539917,23.10210609436035,22.93216323852539,12.459354400634766,16.900333404541016,27.049224853515625,10.530618667602539,53.68806076049805,57.2961311340332,52.53173065185547,32.23929214477539,62.3564453125,86.6500015258789,16.719999313354492,31.56959342956543,31.110149383544922
2008-05-01,100.4623794555664,42.99909210205078,58.23792266845703,43.972412109375,34.19456100463867,9.918800354003906,14.214479446411133,24.30311393737793,23.369245529174805,12.800055503845215,17.41376304626465,27.288114547729492,10.908218383789062,52.24475860595703,56.277687072753906,51.37336349487305,32.07538986206055,62.14060974121094,87.44999694824219,16.67300033569336,33.75025177001953,31.044525146484375
2008-06-01,92.066162109375,38.86471176147461,53.85471725463867,40.10863494873047,31.02488899230957,8.989672660827637,11.734142303466797,25.070005416870117,22.38050651550293,11.32365894317627,16.421268463134766,24.00657081604004,10.826811790466309,53.631126403808594,56.92262268066406,50.70968246459961,30.896724700927734,62.293182373046875,91.4000015258789,17.26300048828125,37.27093505859375,27.74903106689453
2008-07-01,91.23886108398438,39.11423873901367,55.83279800415039,38.77694320678711,29.31728172302246,8.769933700561523,12.527616500854492,21.080554962158203,23.38316535949707,11.343539237976074,16.82029151916504,24.197153091430664,10.129847526550293,53.43412399291992,57.33279800415039,50.90757751464844,31.079072952270508,62.56367492675781,90.08000183105469,17.530000686645508,33.62541198730469,28.61351776123047
2008-08-01,92.64885711669922,39.682090759277344,57.82907485961914,37.12984085083008,27.465675354003906,8.926888465881348,12.405990600585938,21.15138816833496,23.866191864013672,12.126811981201172,17.27455711364746,24.86067771911621,10.018122673034668,54.8978385925293,58.20808029174805,50.98124694824219,30.800077438354492,62.85551071166992,81.70999908447266,13.369999885559082,31.4281005859375,29.292749404907227
2008-09-01,83.92374420166016,33.50111389160156,53.34646224975586,32.88359832763672,23.433256149291992,7.815673351287842,11.630276679992676,17.99330711364746,22.092676162719727,11.132144927978516,17.05841636657715,21.859561920166016,8.917882919311523,55.708106994628906,58.12641906738281,45.51073455810547,27.518064498901367,63.34444808959961,85.06999969482422,11.850000381469727,28.207056045532227,29.256505966186523
2008-10-01,70.0606689453125,28.317951202392578,42.16724395751953,26.032358169555664,17.439498901367188,6.555718898773193,9.08085823059082,14.610684394836426,19.556238174438477,9.16905689239502,14.907575607299805,17.870893478393555,7.75852632522583,54.67158126831055,57.624847412109375,44.627376556396484,24.367218017578125,64.04412078857422,71.33999633789062,9.579999923706055,21.132402420043945,19.974300384521484
2008-11-01,65.18401336669922,25.072025299072266,37.138545989990234,24.373579025268555,15.738757133483887,6.004486083984375,7.402683734893799,14.292312622070312,18.32111930847168,8.17553997039795,14.876670837402344,16.401762008666992,8.083257675170898,62.512176513671875,62.09296798706055,46.124046325683594,22.63819122314453,64.75202178955078,80.30999755859375,10.229999542236328,18.518943786621094,15.436657905578613
2008-12-01,65.82257843017578,25.64301300048828,38.92332458496094,26.535125732421875,17.365123748779297,6.09994649887085,7.430119514465332,13.649275779724121,19.63842010498047,8.671862602233887,14.879046440124512,16.783287048339844,7.889172554016113,71.04660034179688,65.29454040527344,52.49580383300781,26.433748245239258,65.11656951904297,86.5199966430664,11.199999809265137,17.914823532104492,18.016265869140625
2009-01-01,60.4175910949707,25.056692123413086,35.16061019897461,22.89143180847168,15.751704216003418,5.810981750488281,5.483572483062744,13.40640926361084,19.401716232299805,7.751211643218994,13.80690860748291,14.769575119018555,7.875590801239014,61.760276794433594,62.75648880004883,51.550697326660156,26.165952682495117,64.83206176757812,91.30999755859375,12.520000457763672,17.12010955810547,14.857855796813965
2009-02-01,53.925777435302734,23.73746681213379,30.94736671447754,20.51355743408203,14.764179229736328,5.589306354522705,4.510295391082764,11.752034187316895,16.997770309448242,7.047652244567871,12.691131591796875,12.254239082336426,6.889101982116699,60.8140869140625,62.29524230957031,48.86808395385742,23.623703002929688,64.73808288574219,92.62999725341797,12.880000114440918,16.156312942504883,11.80819320678711
2009-03-01,58.418392181396484,26.18634605407715,33.34816360473633,22.23484992980957,17.25385284423828,6.214245796203613,5.280824661254883,12.194414138793945,18.01862144470215,7.942530155181885,13.230304718017578,13.334726333618164,7.020155906677246,63.27549743652344,64.35952758789062,49.0986328125,24.074323654174805,65.06132507324219,90.27999877929688,12.789999961853027,16.90875244140625,12.238180160522461
2009-04-01,64.22203063964844,29.606464385986328,38.4792594909668,24.796085357666016,19.938255310058594,6.862722873687744,6.431701183319092,13.147911071777344,17.99629020690918,9.413820266723633,13.794624328613281,15.744099617004395,7.1025848388671875,58.87653732299805,62.592750549316406,50.46195602416992,27.40765953063965,64.95394134521484,87.2699966430664,12.210000038146973,16.891843795776367,15.993305206298828
2009-05-01,67.97601318359375,30.556509017944336,39.787803649902344,28.067134857177734,23.116405487060547,7.0218586921691895,7.330818176269531,14.842374801635742,19.22432518005371,9.345109939575195,14.496895790100098,16.272274017333984,7.355364799499512,56.701072692871094,61.29253005981445,51.63109588623047,28.19028091430664,64.99034881591797,96.19999694824219,15.470000267028809,19.639514923095703,16.411664962768555
2009-06-01,67.93151092529297,31.458791732788086,40.50946807861328,27.672821044921875,22.596405029296875,7.2774338722229,7.199921607971191,13.870361328125,19.67997932434082,9.368791580200195,14.52573013305664,15.994955062866211,7.750471591949463,57.12694549560547,60.951011657714844,53.12393569946289,29.135129928588867,64.92909240722656,91.18000030517578,13.380000114440918,19.123798370361328,15.886975288391113
2009-07-01,72.99958038330078,34.11351013183594,44.22464370727539,30.451574325561523,25.085315704345703,7.872897624969482,7.8385772705078125,14.612239837646484,20.84685516357422,10.257766723632812,15.49243450164795,17.393423080444336,8.042257308959961,57.45602798461914,61.457908630371094,55.585018157958984,31.150997161865234,65.0005111694336,93.3499984741211,13.699999809265137,19.478883743286133,17.598114013671875
2009-08-01,75.6961441040039,34.61506652832031,45.5218620300293,31.82283592224121,24.755794525146484,8.00078296661377,8.856804847717285,14.770998001098633,21.407869338989258,10.61904239654541,15.681978225708008,18.2237548828125,8.122845649719238,58.737815856933594,61.92707824707031,56.31317901611328,30.622394561767578,65.2664794921875,93.4000015258789,14.619999885559082,18.692626953125,20.118715286254883
2009-09-01,78.38009643554688,36.570106506347656,48.054054260253906,33.03099060058594,27.279754638671875,8.371405601501465,9.029309272766113,15.6339750289917,21.539566040039062,11.187036514282227,16.201194763183594,19.286895751953125,8.234776496887207,60.18169403076172,62.62337875366211,57.30364227294922,32.398189544677734,65.42066955566406,98.8499984741211,16.3799991607666,18.650352478027344,21.445098876953125
2009-10-01,76.87323760986328,35.45353317260742,44.93500518798828,32.19735336303711,26.34027671813965,8.267112731933594,8.49141788482666,16.019603729248047,21.088783264160156,10.922327041625977,16.436647415161133,18.518068313598633,7.970860958099365,58.607234954833984,62.53704833984375,57.018821716308594,32.222320556640625,65.5095443725586,102.52999877929688,16.06999969482422,19.94387435913086,20.487960815429688
2009-11-01,81.6091537475586,37.70399856567383,46.338985443115234,33.45988082885742,28.408523559570312,8.724390029907227,8.860085487365723,16.474822998046875,23.049657821655273,11.655370712280273,17.041170120239258,20.14360809326172,8.35550594329834,59.318115234375,63.79846954345703,58.13212966918945,32.76506423950195,65.9002685546875,115.63999938964844,18.149999618530273,20.84848976135254,21.8331241607666
2009-12-01,83.16797637939453,39.6656608581543,50.01124572753906,33.69731903076172,29.33913230895996,9.23073959350586,8.73525333404541,16.61988067626953,23.471595764160156,12.189956665039062,17.00343132019043,20.480836868286133,8.812664031982422,55.553985595703125,60.98954391479492,56.930335998535156,33.97239303588867,65.34626007080078,107.30999755859375,16.540000915527344,20.81467628479004,23.445894241333008
2010-01-01,80.14543914794922,37.099308013916016,48.145023345947266,31.990516662597656,27.062694549560547,8.437699317932129,8.60179615020752,15.888145446777344,23.6302433013916,11.837813377380371,16.829988479614258,20.178678512573242,8.389363288879395,57.04961013793945,62.43513488769531,57.64094924926758,33.349693298339844,65.86612701416016,105.95999908447266,15.899999618530273,19.182981491088867,22.15149688720703
2010-02-01,82.6455307006836,38.80731964111328,50.29957962036133,32.07585906982422,27.543439865112305,8.731562614440918,8.905108451843262,16.366249084472656,23.72088623046875,12.497060775756836,17.363157272338867,21.25467300415039,8.278565406799316,56.854244232177734,62.64229965209961,57.9329719543457,33.974483489990234,65.97174835205078,109.43000030517578,16.06999969482422,19.977691650390625,23.388240814208984
2010-03-01,87.67704010009766,41.79972457885742,54.4395751953125,34.1240348815918,29.777446746826172,9.328784942626953,9.697565078735352,16.8272705078125,24.353618621826172,13.472692489624023,18.017292022705078,23.10232925415039,8.501309394836426,55.68455123901367,61.98030471801758,58.31059265136719,34.6993408203125,65.79419708251953,108.94999694824219,17.139999389648438,19.88469123840332,25.770755767822266
2010-04-01,89.03333282470703,42.737091064453125,57.5308952331543,33.16699981689453,29.72795867919922,9.445897102355957,9.825242042541504,17.526458740234375,23.406156539916992,14.284989356994629,17.823774337768555,24.085872650146484,8.724872589111328,57.53428649902344,63.00465393066406,59.42311477661133,35.36711120605469,65.99169921875,115.36000061035156,18.260000228881836,20.662494659423828,27.613405227661133
2010-05-01,81.95928192138672,39.57780075073242,53.19501876831055,29.454681396484375,26.935441970825195,8.739173889160156,8.92540168762207,15.519585609436035,21.882625579833984,13.279873847961426,16.99805450439453,21.889535903930664,8.243343353271484,60.473350524902344,64.85272216796875,58.64570236206055,33.7135124206543,66.29058074951172,118.87999725341797,18.030000686645508,18.565807342529297,26.140338897705078
2010-06-01,77.71859741210938,37.21276092529297,49.07591247558594,28.84734535217285,26.5587100982666,8.267555236816406,8.414095878601074,14.599968910217285,21.48343276977539,11.989174842834473,16.56776237487793,20.384571075439453,8.185469627380371,63.97944641113281,66.82959747314453,60.56838607788086,34.0881233215332,66.56835174560547,121.68000030517578,18.209999084472656,18.236087799072266,24.777835845947266
2010-07-01,83.02681732177734,39.91376495361328,52.379180908203125,32.19663619995117,29.46224021911621,8.883567810058594,8.962442398071289,15.822517395019531,21.765296936035156,12.93991470336914,17.529346466064453,22.509984970092773,8.796628952026367,63.37401580810547,67.43750762939453,61.846832275390625,35.84474182128906,66.69741821289062,115.48999786376953,17.579999923706055,19.352066040039062,27.154891967773438
2010-08-01,79.2922592163086,37.86623001098633,48.480140686035156,30.974763870239258,28.508630752563477,8.385082244873047,8.261778831481934,15.04666805267334,21.40724754333496,12.425447463989258,17.204490661621094,20.949371337890625,8.92407512664795,68.69164276123047,69.70072937011719,63.61276626586914,35.490074157714844,66.85675811767578,122.08000183105469,18.93000030517578,18.76871681213379,26.808452606201172
2010-09-01,86.39321899414062,42.85428237915039,54.513648986816406,34.06354522705078,31.860502243041992,9.363089561462402,8.762747764587402,16.550668716430664,23.34745979309082,13.79491901397705,18.24327850341797,23.364168167114258,9.182412147521973,66.96036529541016,69.6986312866211,63.90324020385742,36.78824234008789,66.93608856201172,127.91000366210938,21.309999465942383,20.383501052856445,28.006973266601562
2010-10-01,89.6936264038086,45.57032775878906,56.77493667602539,35.3598518371582,32.82121658325195,9.904047012329102,8.890981674194336,17.4895076751709,23.868162155151367,14.558774948120117,18.825645446777344,24.036409378051758,9.281901359558105,63.96773147583008,69.69367980957031,63.73532485961914,37.46416473388672,67.08294677734375,132.6199951171875,24.170000076293945,21.28812026977539,29.335275650024414
2010-11-01,89.6936264038086,45.49174118041992,58.75359344482422,33.65419387817383,31.867605209350586,9.741353988647461,8.829917907714844,18.51395606994629,23.17899513244629,14.926260948181152,18.531190872192383,24.357593536376953,9.000985145568848,62.88713455200195,69.06771087646484,62.705814361572266,36.9865837097168,66.94554138183594,135.4199981689453,27.440000534057617,21.19512176513672,28.792133331298828
2010-12-01,95.68986511230469,47.65583419799805,63.47350311279297,36.45020294189453,34.1868782043457,10.282549858093262,9.77509593963623,20.23917579650879,24.245975494384766,15.537616729736328,19.346487045288086,26.17873764038086,9.280494689941406,60.56086730957031,66.69805145263672,62.234249114990234,38.01958465576172,66.83589935302734,138.72000122070312,30.18000030517578,23.291807174682617,30.102367401123047
2011-01-01,97.91944885253906,49.00342559814453,63.23821258544922,37.21403121948242,32.8736572265625,10.609108924865723,10.050882339477539,21.692251205444336,24.384523391723633,15.442091941833496,19.062658309936523,27.2072696685791,9.393024444580078,58.69493865966797,66.6838150024414,62.257171630859375,38.64696502685547,66.92342376708984,129.8699951171875,27.389999389648438,24.120336532592773,31.080961227416992
2011-02-01,101.32090759277344,50.552284240722656,66.74285888671875,38.535057067871094,32.859291076660156,10.841778755187988,10.32667064666748,23.290618896484375,25.146533966064453,16.3682804107666,19.61711883544922,27.785354614257812,9.508511543273926,59.66349792480469,66.54483795166016,62.9295768737793,39.20175552368164,66.84220123291016,137.66000366210938,33.11000061035156,25.12640380859375,32.543392181396484
2011-03-01,101.33309173583984,50.3256721496582,68.42683410644531,37.61471176147461,34.926002502441406,10.67363166809082,10.071041107177734,23.72905158996582,25.601333618164062,16.27311134338379,19.861522674560547,28.40506362915039,9.530508041381836,59.680973052978516,66.44200134277344,62.589447021484375,39.2183837890625,66.75530242919922,139.86000061035156,36.77000045776367,25.79430389404297,32.01923751831055
2011-04-01,104.26783752441406,51.77155685424805,70.23163604736328,39.73085403442383,35.88042449951172,10.952146530151367,10.064897537231445,23.946264266967773,27.248292922973633,16.898197174072266,20.92363739013672,29.181745529174805,9.916272163391113,61.07699203491211,67.66539001464844,64.15692138671875,39.84490966796875,67.11193084716797,152.3699951171875,46.880001068115234,26.969459533691406,33.859214782714844
2011-05-01,103.09849548339844,51.140628814697266,68.97150421142578,38.854347229003906,34.82554626464844,10.837464332580566,9.733088493347168,22.943532943725586,27.92099380493164,16.852357864379883,21.448055267333984,28.374916076660156,10.128591537475586,63.16750717163086,69.36075592041016,64.97137451171875,39.89802551269531,67.35621643066406,149.63999938964844,37.599998474121094,25.574487686157227,34.32469940185547
2011-06-01,101.35929870605469,50.10477828979492,67.31309509277344,38.383914947509766,34.499759674072266,10.568334579467773,9.465873718261719,22.50253677368164,27.60715103149414,16.815670013427734,20.87651252746582,28.220060348510742,10.114022254943848,61.70011520385742,69.01090240478516,64.4534683227539,39.670379638671875,67.35295867919922,146.0,33.84000015258789,24.483871459960938,33.19223403930664
2011-07-01,99.33161926269531,50.93912887573242,65.02029418945312,37.471229553222656,34.14460372924805,10.61357307434082,9.126712799072266,22.831035614013672,26.511564254760742,16.581485748291016,20.60911750793457,26.280120849609375,10.02037239074707,64.42390441894531,71.1982192993164,66.01979064941406,39.81117248535156,67.54570770263672,158.2899932861328,38.849998474121094,25.599849700927734,33.711387634277344
2011-08-01,93.87078094482422,48.357051849365234,59.23907470703125,34.19066619873047,30.984546661376953,10.050198554992676,8.251036643981934,20.4986629486084,25.952125549316406,15.711629867553711,20.64923095703125,24.5523624420166,10.237875938415527,70.65211486816406,74.50995635986328,66.24446868896484,38.72502517700195,67.77854919433594,177.72000122070312,40.45000076293945,25.498395919799805,31.817045211791992
2011-09-01,87.35420989990234,46.1854248046875,52.633731842041016,30.495241165161133,25.439943313598633,9.74169921875,7.311159133911133,17.54204559326172,24.787391662597656,14.628283500671387,19.968717575073242,22.266523361206055,10.260004043579102,79.98251342773438,76.1767349243164,66.47708129882812,36.67205047607422,67.70964813232422,158.05999755859375,28.90999984741211,21.770017623901367,28.367467880249023
2011-10-01,96.88867950439453,50.989620208740234,60.582008361816406,33.4311637878418,29.578466415405273,10.736513137817383,8.357378005981445,20.899948120117188,26.21697998046875,16.373939514160156,20.897808074951172,25.467050552368164,10.635367393493652,76.91973114013672,75.19674682617188,68.14537811279297,39.786170959472656,67.73294067382812,167.33999633789062,33.439998626708984,23.435529708862305,32.42155456542969
2011-11-01,96.49496459960938,49.61698532104492,60.352813720703125,32.70355987548828,28.998634338378906,10.575521469116211,7.930221080780029,21.247737884521484,26.46696662902832,16.25644874572754,21.476808547973633,25.825227737426758,10.745230674743652,78.44974517822266,75.63276672363281,65.99423217773438,38.820556640625,67.7633285522461,170.1300048828125,32.0,23.367895126342773,31.189157485961914
2011-12-01,97.503173828125,49.31223678588867,60.66364669799805,31.992273330688477,27.761903762817383,10.55131721496582,8.099397659301758,20.81378746032715,27.251710891723633,16.468976974487305,22.071779251098633,25.890867233276367,11.103196144104004,81.15227508544922,77.13610076904297,68.29627227783203,40.58768844604492,67.79869842529297,151.99000549316406,26.940000534057617,22.691545486450195,32.70193862915039
2012-01-01,102.02482604980469,53.46357345581055,64.99856567382812,33.678123474121094,30.813222885131836,11.206372261047363,8.759807586669922,21.283472061157227,28.123701095581055,17.439729690551758,21.7592830657959,27.78569221496582,10.70202922821045,80.88455963134766,77.80103302001953,69.7611083984375,41.182247161865234,67.85478973388672,169.30999755859375,32.279998779296875,23.528526306152344,34.788082122802734
2012-02-01,106.45327758789062,56.89057540893555,66.66831970214844,35.30583190917969,32.43767547607422,12.0023832321167,9.195926666259766,22.54500961303711,28.422222137451172,18.22899627685547,22.57448959350586,28.56050682067871,10.766827583312988,78.7839584350586,76.94529724121094,70.90025329589844,42.04800033569336,67.75927734375,164.2899932861328,33.54999923706055,24.788230895996094,34.38777542114258
2012-03-01,109.87721252441406,59.76530456542969,68.3248519897461,35.45439147949219,31.42788314819336,12.54418659210205,9.875306129455566,21.686067581176758,29.694717407226562,19.089521408081055,23.274507522583008,28.840097427368164,10.913147926330566,75.44666290283203,75.720947265625,69.89263153076172,41.647239685058594,67.70708465576172,162.1199951171875,31.3799991607666,24.348602294921875,36.17599868774414
2012-04-01,109.14370727539062,59.06635284423828,67.2192611694336,34.71806335449219,30.89371109008789,12.402775764465332,9.644049644470215,21.53192138671875,29.615764617919922,19.309669494628906,23.342788696289062,28.524106979370117,11.106247901916504,79.09394073486328,77.62089538574219,70.64899444580078,42.12065124511719,67.84370422363281,161.8800048828125,30.110000610351562,24.018882751464844,37.210411071777344
2012-05-01,102.5889892578125,54.907989501953125,62.79682159423828,30.849010467529297,27.58628273010254,11.616681098937988,8.756525039672852,19.231828689575195,28.542001724243164,18.247026443481445,23.06962013244629,26.72062873840332,11.168537139892578,86.23245239257812,79.8482894897461,71.18392181396484,40.76396560668945,67.88227081298828,151.6199951171875,26.959999084472656,21.33884620666504,35.533756256103516
2012-06-01,106.75218963623047,56.89644241333008,65.9693603515625,33.02180099487305,28.97536277770996,11.99582290649414,9.19428825378418,20.15688133239746,30.172283172607422,18.600433349609375,23.90923500061035,27.62144660949707,11.627692222595215,84.78524780273438,79.51744079589844,71.80431365966797,42.66229248046875,67.81629943847656,155.19000244140625,26.649999618530273,21.770017623901367,37.49417495727539
2012-07-01,108.01500701904297,57.4639892578125,64.96607208251953,33.04823684692383,28.967954635620117,12.217120170593262,9.2068452835083,21.15302848815918,30.473934173583984,18.498464584350586,24.500598907470703,27.729860305786133,11.92003059387207,88.02181243896484,80.63157653808594,74.30524444580078,43.09843826293945,67.96587371826172,156.49000549316406,27.1200008392334,23.03817367553711,38.244869232177734
2012-08-01,110.72107696533203,60.443603515625,67.26287078857422,34.10578155517578,29.0864315032959,12.730683326721191,9.52086067199707,21.723989486694336,30.831151962280273,19.352434158325195,24.383697509765625,28.155757904052734,11.426508903503418,86.86093139648438,80.53699493408203,74.26529693603516,43.63481903076172,67.97071838378906,164.22000122070312,30.790000915527344,24.34014892578125,38.2391357421875
2012-09-01,113.52791595458984,60.98061752319336,69.45629119873047,35.0311279296875,30.60443878173828,12.925826072692871,9.831588745117188,22.40089225769043,32.005470275878906,19.948646545410156,24.812042236328125,28.470497131347656,11.560117721557617,84.6609115600586,80.2565689086914,75.08226013183594,43.86200714111328,67.98199462890625,171.88999938964844,33.47999954223633,24.247148513793945,37.52665710449219
2012-10-01,111.46192169189453,57.761268615722656,67.94961547851562,35.414485931396484,30.471153259277344,12.104070663452148,10.02708911895752,21.946331024169922,31.933673858642578,19.641677856445312,24.507341384887695,28.439308166503906,11.72213077545166,84.25114440917969,79.93867492675781,76.09298706054688,44.23221206665039,67.93524169921875,166.8300018310547,31.270000457763672,23.300260543823242,37.185882568359375
2012-11-01,112.0927734375,58.5172004699707,68.3241958618164,36.39933395385742,30.945056915283203,12.213075637817383,9.938799858093262,21.677873611450195,32.1011962890625,20.264141082763672,24.957475662231445,28.938114166259766,11.220208168029785,85.22777557373047,80.72147369384766,75.54247283935547,44.451995849609375,67.95140838623047,166.0500030517578,32.36000061035156,23.756797790527344,37.08769226074219
2012-12-01,113.09429168701172,58.243953704833984,70.7967529296875,37.994041442871094,33.05044174194336,12.165278434753418,10.400871276855469,21.898719787597656,31.985837936401367,20.355501174926758,24.43920135498047,29.754911422729492,11.218343734741211,83.10757446289062,79.96237182617188,75.29275512695312,45.074886322021484,67.9682846069336,162.02000427246094,29.3700008392334,23.486255645751953,38.4683723449707
2013-01-01,118.88357543945312,59.79997634887695,75.21317291259766,39.41062545776367,32.95356369018555,12.397193908691406,11.029109001159668,23.71697235107422,34.41606521606445,21.509727478027344,25.818716049194336,31.46640396118164,11.751633644104004,80.4603271484375,78.9283218383789,74.31574249267578,45.22942352294922,67.97636413574219,161.1999969482422,30.440000534057617,24.069608688354492,39.90653991699219
2013-02-01,120.40039825439453,60.00566482543945,75.9688491821289,38.90279006958008,32.200889587402344,12.494178771972656,11.162376403808594,23.82122039794922,34.84916687011719,21.85299301147461,26.673032760620117,32.16513442993164,12.024701118469238,81.45694732666016,79.82221221923828,75.11542510986328,45.651268005371094,68.0174331665039,153.0,27.540000915527344,22.936721801757812,40.39176559448242
2013-03-01,124.97213745117188,61.82066345214844,79.50823974609375,39.41062545776367,31.872995376586914,12.816241264343262,11.594779968261719,24.426923751831055,37.013790130615234,22.809249877929688,27.9870662689209,32.92763900756836,12.670295715332031,81.11528778076172,80.05120849609375,75.08039093017578,46.04954147338867,68.03996276855469,154.4499969482422,27.420000076293945,23.088899612426758,41.55188751220703
2013-04-01,127.37318420410156,63.3892936706543,79.23037719726562,41.388511657714844,32.260501861572266,13.040643692016602,11.906778335571289,24.106611251831055,38.12542724609375,23.502134323120117,28.81043243408203,32.68320083618164,13.42533016204834,84.9155044555664,81.27214050292969,76.71220397949219,47.02485656738281,68.0866928100586,142.77000427246094,23.459999084472656,22.209646224975586,44.350284576416016
2013-05-01,130.38043212890625,65.65702819824219,82.345703125,40.138973236083984,30.703001022338867,13.404763221740723,12.632646560668945,24.793439865112305,38.753726959228516,24.151979446411133,28.184112548828125,34.32326889038086,12.210148811340332,79.17439270019531,78.74862670898438,74.24392700195312,45.81107711791992,67.99567413330078,133.9199981689453,21.440000534057617,21.86301612854004,41.69917297363281
2013-06-01,128.64053344726562,64.08438873291016,81.67214965820312,39.06407165527344,29.06783103942871,13.017128944396973,12.434237480163574,24.23143196105957,38.52457809448242,24.350250244140625,28.098907470703125,33.793296813964844,12.319371223449707,76.58434295654297,76.74359893798828,71.8179931640625,45.03749084472656,67.92877197265625,119.11000061035156,18.969999313354492,21.2458438873291,40.872745513916016
2013-07-01,135.28826904296875,68.13068389892578,87.66211700439453,41.143402099609375,29.452878952026367,13.502241134643555,13.099105834960938,25.506439208984375,41.283843994140625,25.63252067565918,29.31721305847168,35.790470123291016,12.853005409240723,74.85513305664062,76.47288513183594,72.6123275756836,46.32284164428711,68.0391845703125,127.95999908447266,19.139999389648438,21.922195434570312,41.24149703979492
2013-08-01,131.2306365966797,67.86093139648438,84.8882827758789,40.33893966674805,28.705429077148438,13.361812591552734,12.427848815917969,25.243389129638672,39.82734298706055,24.902873992919922,27.985576629638672,34.90283966064453,12.211333274841309,73.85176849365234,75.385009765625,71.88741302490234,45.73357391357422,67.9730453491211,134.6199951171875,22.600000381469727,22.53936767578125,38.36280059814453
2013-09-01,135.38368225097656,71.14009857177734,90.39681243896484,43.49542999267578,30.77414894104004,13.700152397155762,12.778511047363281,25.777099609375,41.10477066040039,26.253339767456055,28.36928367614746,36.9505615234375,12.351439476013184,74.33309936523438,76.77677917480469,72.42073059082031,46.09090805053711,68.12471008300781,128.17999267578125,20.899999618530273,21.778470993041992,39.69854736328125
2013-10-01,141.65283203125,74.66642761230469,92.58444213867188,44.91346740722656,32.05765914916992,14.388585090637207,13.202110290527344,26.859045028686523,42.876033782958984,27.457101821899414,30.186914443969727,38.710105895996094,12.817469596862793,75.39636993408203,77.37393188476562,73.73019409179688,47.25159454345703,68.17144012451172,127.73999786376953,21.100000381469727,21.770017623901367,41.493202209472656
2013-11-01,145.85105895996094,77.31795501708984,96.2474594116211,45.15888977050781,31.97461700439453,14.83327865600586,13.786158561706543,26.874591827392578,44.89917755126953,28.4053955078125,30.65736198425293,40.12731170654297,12.56958293914795,73.35826873779297,76.69589233398438,73.62747955322266,47.47515869140625,68.23518371582031,120.69999694824219,19.239999771118164,21.56711196899414,39.314395904541016
2013-12-01,149.63247680664062,79.58112335205078,98.19276428222656,46.1416130065918,31.844600677490234,15.357600212097168,14.096020698547363,27.646339416503906,45.23093795776367,29.0539608001709,30.868865966796875,41.820098876953125,12.684098243713379,71.9867172241211,75.09244537353516,73.78569793701172,47.66828155517578,68.1141586303711,116.12000274658203,18.709999084472656,21.69392967224121,39.35444259643555
2014-01-01,144.3582000732422,78.05211639404297,95.46894836425781,43.741695404052734,29.094379425048828,14.962259292602539,13.580161094665527,26.043968200683594,45.655174255371094,27.310626983642578,29.2744197845459,40.03560256958008,13.061578750610352,76.52381134033203,77.39276123046875,75.17493438720703,47.85818099975586,68.2513656616211,120.08999633789062,18.450000762939453,21.03448486328125,41.036888122558594
2014-02-01,150.92877197265625,82.0737075805664,100.03129577636719,46.42355728149414,30.077144622802734,15.61970043182373,13.992850303649902,27.377721786499023,48.49436569213867,29.05829620361328,30.4163818359375,41.66007995605469,13.512557983398438,76.92478942871094,77.66943359375,76.03564453125,48.96291732788086,68.27803802490234,127.62000274658203,20.350000381469727,22.091283798217773,43.11555480957031
2014-03-01,152.1807861328125,79.83013916015625,99.28260803222656,46.210384368896484,31.242752075195312,15.686898231506348,14.458927154541016,27.95494842529297,47.88438034057617,28.225175857543945,31.083406448364258,42.05858612060547,13.965353965759277,77.48807525634766,77.23367309570312,76.01348114013672,48.92302703857422,68.2037353515625,123.61000061035156,19.040000915527344,22.08283233642578,43.329795837402344
2014-04-01,153.23866271972656,79.57518768310547,95.56185913085938,46.98054885864258,31.486549377441406,15.730060577392578,14.212983131408691,29.4239559173584,47.58147048950195,27.841398239135742,31.935224533081055,42.621185302734375,14.554821014404297,79.1115951538086,77.81934356689453,77.0240249633789,49.12873077392578,68.27723693847656,124.22000122070312,18.459999084472656,22.328006744384766,44.75326156616211
2014-05-01,156.79483032226562,83.14463806152344,96.31282043457031,47.730098724365234,32.41598129272461,16.3212833404541,14.426563262939453,29.916757583618164,48.94867706298828,28.64385223388672,32.5126953125,43.44097900390625,14.396507263183594,81.44498443603516,79.2398452758789,78.19038391113281,49.721431732177734,68.39924621582031,120.43000030517578,18.079999923706055,22.00674057006836,45.82698440551758
2014-06-01,160.03187561035156,85.74193572998047,101.39046478271484,48.16957473754883,33.194541931152344,16.626317977905273,14.776063919067383,31.566171646118164,49.987125396728516,29.199155807495117,32.43035125732422,43.64725875854492,15.035994529724121,81.24037170410156,79.06806945800781,78.1956787109375,50.02568435668945,68.34510803222656,128.0399932861328,20.25,22.471731185913086,46.34673309326172
2014-07-01,157.88137817382812,86.75537872314453,95.25196075439453,46.91548156738281,33.647579193115234,16.90811538696289,14.56163501739502,30.4719181060791,50.052860260009766,28.827272415161133,31.35467529296875,41.846797943115234,14.013435363769531,81.7798843383789,78.89372253417969,77.94580841064453,48.809165954589844,68.29252624511719,123.38999938964844,19.579999923706055,21.406478881835938,46.3838996887207
2014-08-01,164.1119842529297,91.10134887695312,99.85225677490234,47.000030517578125,34.59972381591797,17.463048934936523,15.178932189941406,31.13728904724121,52.477020263671875,30.109163284301758,32.80104446411133,43.61497497558594,14.7030668258667,85.6430435180664,80.37712860107422,79.50790405273438,49.97093963623047,68.41952514648438,123.86000061035156,18.709999084472656,21.161306381225586,47.795833587646484
2014-09-01,161.8478546142578,90.41207122802734,93.9330825805664,45.175262451171875,31.912206649780273,17.372756958007812,15.117694854736328,28.723730087280273,52.705318450927734,29.274871826171875,32.994144439697266,43.11497116088867,14.42767333984375,83.833984375,79.5335922241211,78.17086029052734,48.980140686035156,68.36936950683594,116.20999908447266,16.350000381469727,19.631059646606445,44.90870666503906
2014-10-01,165.65948486328125,92.80071258544922,100.1265869140625,45.05549240112305,32.36525344848633,17.65142059326172,15.55484676361084,27.709428787231445,55.476234436035156,29.893829345703125,34.16442108154297,44.786033630371094,15.58627986907959,86.19688415527344,80.75544738769531,79.13566589355469,49.49958801269531,68.54740142822266,112.66000366210938,15.5,18.870166778564453,49.37146759033203
2014-11-01,170.21046447753906,97.01976776123047,100.23822784423828,45.083675384521484,31.866138458251953,18.50046157836914,15.920236587524414,25.300464630126953,57.405982971191406,31.522409439086914,36.05879592895508,46.1650505065918,15.76795482635498,88.7546615600586,81.79615020751953,79.85719299316406,48.96442794799805,68.61949920654297,112.11000061035156,14.829999923706055,17.263835906982422,50.3590202331543
2014-12-01,169.77870178222656,94.84591674804688,103.13806915283203,43.28358459472656,30.603116989135742,18.097753524780273,16.217975616455078,25.24712371826172,56.600364685058594,31.80293846130371,35.72138214111328,46.15510559082031,16.330421447753906,91.64041137695312,81.90192413330078,79.84346008300781,48.57123947143555,68.41865539550781,113.58000183105469,15.0600004196167,15.598323822021484,51.317832946777344
2015-01-01,164.74832153320312,92.87089538574219,99.75819396972656,43.553924560546875,30.3928165435791,17.463123321533203,15.090007781982422,24.095760345458984,57.33705139160156,30.850841522216797,35.375152587890625,44.51543045043945,16.710844039916992,100.63562774658203,85.42567443847656,82.83898162841797,48.91272735595703,68.84806060791016,123.44999694824219,16.540000915527344,14.710613250732422,54.83401870727539
2015-02-01,174.00791931152344,99.57673645019531,105.69020080566406,46.31428909301758,31.73253631591797,18.859302520751953,15.968770027160645,25.202472686767578,59.79542541503906,33.48676300048828,36.84113693237305,46.89741134643555,15.642206192016602,94.45825958251953,83.31417846679688,81.66234588623047,50.004058837890625,68.64785766601562,116.16000366210938,15.869999885559082,15.361600875854492,52.81932830810547
2015-03-01,171.2749481201172,97.22773742675781,107.5609130859375,45.65266418457031,31.257396697998047,18.21137237548828,15.870393753051758,24.911334991455078,60.178497314453125,33.32501983642578,36.125450134277344,45.7033805847168,15.48652172088623,95.48990631103516,84.0273208618164,81.82166290283203,49.53010177612305,68.81893920898438,113.66000366210938,15.930000305175781,14.431618690490723,53.73410415649414
2015-04-01,172.95925903320312,99.0967788696289,104.80205535888672,47.317413330078125,33.399383544921875,18.71236801147461,15.883562088012695,26.54897117614746,59.52274703979492,33.307342529296875,35.851200103759766,45.588661193847656,15.413320541381836,92.21927642822266,83.49542236328125,80.85032653808594,49.961708068847656,68.8408432006836,113.47000122070312,15.430000305175781,15.463055610656738,50.592018127441406
2015-05-01,175.1829071044922,101.324951171875,107.1457748413086,47.40989685058594,32.028507232666016,19.059541702270508,16.19293975830078,25.171424865722656,62.20381546020508,33.74517822265625,36.162498474121094,45.73616027832031,15.510915756225586,90.03135681152344,83.14787292480469,79.94451141357422,50.13929748535156,68.86925506591797,114.0999984741211,15.989999771118164,14.972698211669922,50.43907165527344
2015-06-01,171.62457275390625,98.80789947509766,107.98468017578125,45.931549072265625,31.089797973632812,18.27565574645996,16.11829376220703,24.29458236694336,61.9599723815918,33.932281494140625,35.4991455078125,44.52199935913086,14.582743644714355,86.36526489257812,81.79175567626953,78.4390640258789,49.19312286376953,68.89112091064453,112.37000274658203,15.029999732971191,15.217877388000488,48.0842399597168
2015-07-01,175.5014190673828,103.31135559082031,106.79258728027344,46.86478805541992,29.128047943115234,18.79655647277832,16.667024612426758,22.42626953125,63.79236602783203,35.59163284301758,37.52021789550781,44.653770446777344,15.472624778747559,90.29144287109375,83.03370666503906,79.09163665771484,48.95102310180664,68.92200469970703,104.93000030517578,14.079999923706055,13.298733711242676,50.858943939208984
2015-08-01,164.8046112060547,96.26091003417969,100.05294036865234,43.38501739501953,26.55423927307129,17.759172439575195,15.490219116210938,21.472713470458984,58.71164321899414,33.26677322387695,35.28287887573242,42.240726470947266,14.93447208404541,89.66890716552734,83.09933471679688,78.43717956542969,48.205387115478516,68.8879165649414,108.81999969482422,13.989999771118164,13.264914512634277,47.65935134887695
2015-09-01,160.59942626953125,94.1361312866211,95.11397552490234,41.46788787841797,25.72245216369629,17.515533447265625,15.05441665649414,19.9280948638916,55.363399505615234,33.07149124145508,35.42042541503906,41.309722900390625,15.370177268981934,91.43253326416016,84.41162872314453,79.37044525146484,46.764102935791016,69.09113311767578,106.86000061035156,13.869999885559082,12.808379173278809,49.11759567260742
2015-10-01,174.260009765625,104.83930969238281,100.46198272705078,44.20974349975586,27.36248016357422,19.35578155517578,15.997807502746582,22.152095794677734,59.63498306274414,36.05978775024414,37.439510345458984,44.936439514160156,15.533504486083984,91.05876922607422,83.87400817871094,79.82572937011719,48.2749137878418,68.99348449707031,109.30000305175781,14.800000190734863,12.850651741027832,51.946044921875
2015-11-01,174.89691162109375,105.47761535644531,103.73696899414062,43.87696838378906,26.671945571899414,19.493240356445312,16.316696166992188,22.148836135864258,59.44270706176758,35.97515869140625,37.09424591064453,45.32561111450195,15.203303337097168,90.2686767578125,83.51528930664062,79.70265197753906,47.06997299194336,68.81531524658203,101.91999816894531,13.4399995803833,11.996759414672852,51.62095260620117
2015-12-01,171.8742218017578,103.79550170898438,98.51856231689453,42.853816986083984,25.653120040893555,19.087560653686523,15.930912971496582,19.819454193115234,60.466835021972656,34.95234298706055,38.17653274536133,44.15962219238281,15.525494575500488,90.00040435791016,83.13690185546875,78.84099578857422,46.13220977783203,68.71272277832031,101.45999908447266,13.1899995803833,11.295045852661133,52.566123962402344
2016-01-01,163.3172149658203,96.62279510498047,90.06810760498047,40.489261627197266,24.362092971801758,18.37896156311035,14.5203275680542,19.12616729736328,55.79940414428711,33.14122009277344,38.38068771362305,41.64384078979492,16.293155670166016,95.01625061035156,85.908447265625,78.9378890991211,45.393672943115234,69.16072082519531,106.94999694824219,13.59000015258789,10.804693222045898,50.7596321105957
2016-02-01,163.18235778808594,95.11030578613281,89.86693572998047,39.13912582397461,24.162864685058594,18.258636474609375,14.099156379699707,18.59058952331543,55.59792709350586,33.288795471191406,38.50166320800781,43.41822814941406,16.60882568359375,97.9483871459961,87.18500518798828,79.76805877685547,46.07313919067383,69.23815155029297,118.63999938964844,14.199999809265137,10.779329299926758,50.57502365112305
2016-03-01,174.15896606445312,101.62782287597656,97.068359375,41.71531677246094,27.2947940826416,19.869354248046875,15.108540534973145,20.480497360229492,57.103233337402344,35.51827621459961,40.32600784301758,46.44599151611328,17.93362808227539,97.85696411132812,87.1273422241211,82.65131378173828,47.24665832519531,69.33357238769531,117.63999938964844,14.680000305175781,11.235865592956543,55.867897033691406
2016-04-01,174.84539794921875,98.3891372680664,98.69158172607422,42.64216232299805,27.40635871887207,18.870513916015625,15.652444839477539,22.336946487426758,58.79661560058594,35.563194274902344,39.748382568359375,47.02376174926758,17.499919891357422,97.13624572753906,86.99140167236328,83.93621063232422,48.72195816040039,69.35881805419922,123.6500015258789,16.979999542236328,12.3264799118042,54.55455017089844
2016-05-01,177.81973266601562,102.68878936767578,100.90265655517578,42.605674743652344,26.39426040649414,19.7932071685791,15.94790267944336,22.12847328186035,60.11088562011719,35.581153869628906,40.02198791503906,46.82279586791992,17.763757705688477,97.91858673095703,86.90504455566406,83.50606536865234,48.80486297607422,69.27640533447266,116.05999755859375,15.1899995803833,12.43638801574707,55.78122329711914
2016-06-01,178.43783569335938,100.3495101928711,100.88511657714844,41.57487487792969,27.59760093688965,19.520496368408203,15.432358741760254,22.730518341064453,60.657379150390625,35.175689697265625,42.166595458984375,47.15671920776367,19.118791580200195,104.7084732055664,89.58833312988281,86.09002685546875,49.679996490478516,69.69383239746094,126.47000122070312,17.860000610351562,12.977466583251953,59.64599609375
2016-07-01,184.9456787109375,107.52534484863281,106.81199645996094,43.22834014892578,29.0835018157959,20.906787872314453,15.96567153930664,22.444063186645508,63.60946273803711,36.779911041259766,41.8225212097168,48.865848541259766,18.99125862121582,106.90995025634766,89.80911254882812,87.20188903808594,50.332340240478516,69.66106414794922,128.97999572753906,19.350000381469727,12.072848320007324,62.18870162963867
2016-08-01,185.16717529296875,108.6543960571289,108.71764373779297,43.45922088623047,29.340524673461914,21.14983367919922,16.579988479614258,22.820457458496094,61.5455207824707,36.30225372314453,41.577850341796875,49.32891082763672,17.93821144104004,105.8264389038086,88.90076446533203,87.35914611816406,51.32267379760742,69.49832916259766,124.77999877929688,17.719999313354492,12.165846824645996,59.847801208496094
2016-09-01,185.1779022216797,111.0595474243164,109.88507080078125,44.0401725769043,30.07946014404297,21.5943546295166,16.115455627441406,23.662118911743164,61.23188400268555,36.2054443359375,40.93524932861328,49.420745849609375,18.00298309326172,104.23016357421875,89.11186981201172,87.08345031738281,51.876163482666016,69.58837127685547,125.63999938964844,18.200000762939453,12.690019607543945,58.751033782958984
2016-10-01,181.9674835205078,109.441162109375,104.83360290527344,43.06447219848633,29.830474853515625,21.431655883789062,16.482858657836914,22.995254516601562,57.198429107666016,35.327911376953125,40.619834899902344,48.4302864074707,18.164670944213867,99.66419982910156,87.77991485595703,85.75232696533203,51.36619186401367,69.55476379394531,121.94000244140625,16.969999313354492,12.647747039794922,55.37799072265625
2016-11-01,188.6708221435547,109.91828155517578,116.43167114257812,42.297332763671875,28.513242721557617,21.467809677124023,18.795799255371094,24.942245483398438,58.37875747680664,37.02418518066406,38.91196823120117,52.83226776123047,17.179821014404297,91.47809600830078,84.06925964355469,83.03605651855469,51.37580871582031,69.22785949707031,111.75,15.65999984741211,12.85910701751709,54.450050354003906
2016-12-01,192.49554443359375,111.16278839111328,119.79003143310547,43.44200897216797,28.441194534301758,21.95294952392578,19.50185775756836,25.37392234802246,58.79690170288086,37.03865432739258,40.0779914855957,52.993988037109375,18.02142333984375,91.05492401123047,83.96963500976562,83.7328872680664,52.320526123046875,69.2779541015625,109.61000061035156,15.109999656677246,13.391731262207031,57.07296371459961
2017-01-01,195.94021606445312,116.87664794921875,120.12760925292969,44.871768951416016,30.33402442932129,22.733745574951172,19.552181243896484,24.55867576599121,60.14442825317383,38.599365234375,40.760032653808594,53.981971740722656,18.247760772705078,91.79629516601562,84.15388488769531,83.8543930053711,52.79808044433594,69.35179138183594,115.55000305175781,16.6299991607666,13.315643310546875,56.962318420410156
2017-02-01,203.63897705078125,121.99009704589844,122.44615173339844,45.406044006347656,30.862064361572266,23.764202117919922,20.58389663696289,24.04661750793457,63.9567756652832,39.30009841918945,42.70541763305664,56.094242095947266,19.208755493164062,93.25090026855469,84.7628402709961,84.96208190917969,53.60681915283203,69.37725067138672,119.2300033569336,17.3700008392334,13.290278434753418,58.96087646484375
2017-03-01,203.89349365234375,124.4626693725586,122.47802734375,46.873416900634766,31.999385833740234,24.2932071685791,19.975412368774414,23.689285278320312,63.649391174316406,40.138736724853516,42.52491760253906,55.664798736572266,19.18276596069336,92.63996887207031,84.83111572265625,84.71135711669922,53.53000259399414,69.421630859375,118.72000122070312,17.25,12.85910701751709,57.53186798095703
2017-04-01,205.9174041748047,127.85675811767578,123.88558197021484,48.00970458984375,32.54368209838867,24.780803680419922,19.807058334350586,22.99114418029785,64.62518310546875,41.10169982910156,42.992393493652344,56.759971618652344,19.328563690185547,94.09741973876953,85.77174377441406,85.71844482421875,53.96665954589844,69.55146026611328,120.7699966430664,16.299999237060547,12.512476921081543,57.671173095703125
2017-05-01,208.8235321044922,132.83978271484375,121.4445571899414,49.710357666015625,33.46978759765625,25.760547637939453,19.57135772705078,22.17778205871582,65.12165832519531,41.55350875854492,44.12990951538086,57.769554138183594,20.128631591796875,95.87383270263672,86.48086547851562,86.8612060546875,54.52327346801758,69.60246276855469,120.62000274658203,16.389999389648438,12.33493423461914,57.25323486328125
2017-06-01,210.15472412109375,129.76058959960938,125.5426025390625,49.857521057128906,33.77992630004883,25.036212921142578,20.846101760864258,22.15300941467285,68.0958251953125,41.03020477294922,43.13546371459961,58.55017852783203,19.583375930786133,96.63301086425781,86.04019165039062,87.27832794189453,54.59553527832031,69.54814147949219,118.0199966430664,15.710000038146973,12.216573715209961,58.531471252441406
2017-07-01,214.47430419921875,135.03062438964844,126.61278533935547,51.18043518066406,35.74681854248047,26.152584075927734,21.201007843017578,22.73311996459961,68.65442657470703,41.82215881347656,43.43380355834961,58.72209167480469,20.058259963989258,95.9968490600586,86.36265563964844,87.94639587402344,55.15195846557617,69.67745208740234,120.75,15.899999618530273,12.715381622314453,59.25582504272461
2017-08-01,215.10009765625,137.8306121826172,125.02021789550781,51.15748596191406,36.58744812011719,26.91666603088379,20.871461868286133,21.487607955932617,69.85751342773438,41.043949127197266,42.95487976074219,58.851036071777344,20.71782112121582,99.26914978027344,87.62147521972656,88.54198455810547,55.1881103515625,69.81843566894531,125.81999969482422,16.649999618530273,12.766108512878418,59.10112380981445
2017-09-01,219.43421936035156,137.4236602783203,132.90158081054688,52.365692138671875,36.57113265991211,27.13680076599121,21.942800521850586,23.6755428314209,70.49420166015625,41.38209533691406,42.64774703979492,61.313636779785156,20.14668846130371,96.96319580078125,86.35836791992188,88.4981918334961,55.51960372924805,69.6880874633789,121.58000183105469,15.739999771118164,13.019740104675293,59.0337028503418
2017-10-01,224.60499572753906,143.75392150878906,133.87026977539062,53.24506378173828,37.770843505859375,28.90460205078125,22.57069969177246,23.478479385375977,69.95942687988281,42.25953674316406,41.94459533691406,61.77133560180664,20.93280792236328,96.92578125,86.1952133178711,88.668701171875,55.566680908203125,69.62450408935547,120.66999816894531,15.789999961853027,13.535457611083984,58.401371002197266
2017-11-01,231.4702606201172,146.58839416503906,137.80763244628906,53.61212921142578,37.62393569946289,29.313264846801758,23.351335525512695,23.889892578125,71.99498748779297,44.400306701660156,44.2831916809082,64.3447494506836,21.494863510131836,97.64612579345703,85.95448303222656,88.55937957763672,55.36236572265625,69.47402954101562,121.0999984741211,15.510000228881836,13.662271499633789,59.95732879638672
2017-12-01,234.27749633789062,147.4724884033203,137.25851440429688,54.33528518676758,39.0391845703125,29.473257064819336,23.79224395751953,25.148752212524414,71.59867858886719,45.491790771484375,45.2808952331543,65.70152282714844,20.192665100097656,99.41609191894531,86.11328887939453,89.64019775390625,55.4984016418457,69.45997619628906,123.6500015258789,15.989999771118164,14.042718887329102,59.868927001953125
2018-01-01,247.48117065429688,160.38670349121094,140.76963806152344,57.063236236572266,42.27864456176758,31.54720687866211,25.35224723815918,26.050151824951172,76.29225158691406,49.69568634033203,46.02111053466797,69.22667694091797,19.564043045043945,96.1795425415039,84.26164245605469,88.54145050048828,55.523841857910156,69.26117706298828,127.6500015258789,16.350000381469727,14.456982612609863,57.32207107543945
2018-02-01,238.48265075683594,158.3133087158203,135.35885620117188,54.30435562133789,39.784847259521484,31.418167114257812,24.610610961914062,23.227615356445312,72.86297607421875,47.971710205078125,42.51103210449219,66.55240631103516,18.805089950561523,93.25432586669922,83.47570037841797,86.5606460571289,55.04228973388672,69.19154357910156,125.0,15.460000038146973,14.034262657165527,52.9210205078125
2018-03-01,231.94569396972656,151.85597229003906,137.00692749023438,53.84841537475586,40.00025177001953,30.245073318481445,23.587963104248047,23.627840042114258,70.73786163330078,46.82773208618164,42.1254997253418,64.7632827758789,19.519023895263672,95.9210433959961,84.4404296875,87.04258728027344,54.914669036865234,69.36251831054688,125.79000091552734,15.40999984741211,14.355527877807617,54.98005294799805
2018-04-01,233.1444549560547,152.6240997314453,138.35147094726562,54.66757583618164,38.87348556518555,30.26356315612793,23.485292434692383,25.871089935302734,71.48523712158203,47.94190216064453,40.38060760498047,62.95872497558594,19.916902542114258,93.91808319091797,83.36258697509766,85.6795425415039,55.177974700927734,69.19966888427734,124.58999633789062,15.380000114440918,14.845884323120117,55.43172073364258
2018-05-01,238.81199645996094,161.2823486328125,146.8788299560547,53.63203811645508,37.85441970825195,32.3162727355957,23.254287719726562,26.645721435546875,71.61559295654297,48.894264221191406,39.7482795715332,64.89405059814453,19.69672203063965,95.80059051513672,84.18460083007812,86.12625122070312,55.20579528808594,69.44343566894531,123.0999984741211,15.460000038146973,15.243239402770996,57.47151184082031
2018-06-01,240.18533325195312,163.1290740966797,147.7812042236328,52.78244400024414,36.13368606567383,32.231231689453125,22.84804916381836,26.797475814819336,72.7967529296875,50.66358947753906,41.56439971923828,62.69479751586914,20.250946044921875,96.41923522949219,84.35079193115234,85.70663452148438,55.2603874206543,69.47341918945312,118.6500015258789,15.149999618530273,14.947336196899414,59.886573791503906
2018-07-01,249.08340454101562,167.6908416748047,150.21823120117188,54.28781509399414,37.40957260131836,32.903968811035156,24.01665687561035,27.213871002197266,77.56786346435547,51.57674026489258,43.20987319946289,67.32491302490234,20.574438095092773,95.03379821777344,83.90564727783203,86.85833740234375,56.18746566772461,69.4316635131836,115.98999786376953,14.609999656677246,14.583797454833984,60.24687194824219
2018-08-01,257.03411865234375,177.38449096679688,156.69351196289062,53.07406997680664,36.000247955322266,35.07530212402344,24.343183517456055,26.268163681030273,80.92597961425781,54.20957565307617,43.379268646240234,67.48249816894531,20.839458465576172,96.28071594238281,84.7564468383789,86.87567138671875,56.585182189941406,69.67243194580078,113.51000213623047,13.649999618530273,14.693704605102539,61.798240661621094
2018-09-01,258.5623474121094,176.88491821289062,153.0503692626953,53.586360931396484,35.79177474975586,35.06854248046875,23.80386734008789,26.91067886352539,83.31671142578125,54.49711608886719,43.80750274658203,68.9518051147461,20.704357147216797,93.52291870117188,83.73509979248047,86.75337982177734,56.881954193115234,69.57283020019531,112.76000213623047,13.729999542236328,15.192513465881348,60.1517333984375
2018-10-01,240.6945343017578,161.6803741455078,136.2334442138672,49.22789001464844,32.65623474121094,32.26137924194336,22.681852340698242,23.8621768951416,77.66886901855469,48.992549896240234,44.68479537963867,61.45859909057617,21.113323211669922,90.78221893310547,83.4813232421875,84.9755859375,55.75755310058594,69.67935180664062,115.1500015258789,13.40999984741211,14.338621139526367,58.392208099365234
2018-11-01,245.15927124023438,161.25192260742188,138.5852813720703,49.47221755981445,34.257362365722656,31.62825584411621,23.277381896972656,23.489107131958008,83.9471664428711,50.20597839355469,45.700164794921875,63.798030853271484,21.860496520996094,92.40467071533203,84.5916748046875,84.67094421386719,55.53504943847656,69.94483947753906,115.54000091552734,13.319999694824219,12.926741600036621,61.120948791503906
2018-12-01,223.5733642578125,147.28639221191406,121.99365234375,46.82556915283203,33.062164306640625,28.978919982910156,20.686851501464844,20.567251205444336,76.09504699707031,46.21147155761719,41.62621307373047,56.99777603149414,20.987287521362305,97.81358337402344,86.96385192871094,86.24537658691406,54.37503433227539,70.47630310058594,121.25,14.520000457763672,12.40950870513916,56.26066589355469
2019-01-01,241.473876953125,160.55799865722656,135.8056182861328,49.932403564453125,36.4818000793457,30.989404678344727,22.528003692626953,22.87322235107422,79.75422668457031,50.77145767211914,43.765724182128906,63.510807037353516,21.716999053955078,98.18390655517578,87.53140258789062,89.1502914428711,57.06359100341797,70.65328979492188,124.75,15.050000190734863,13.291621208190918,62.93017578125
2019-02-01,249.30149841308594,165.36061096191406,142.8391571044922,51.19902420043945,35.92314529418945,33.130794525146484,23.031713485717773,23.400405883789062,80.61626434326172,51.438907623291016,44.54447555541992,67.55485534667969,22.60931396484375,96.8324966430664,87.07141876220703,88.96852111816406,57.75666809082031,70.71408081054688,123.98999786376953,14.630000114440918,13.668445587158203,63.36774444580078
2019-03-01,253.81402587890625,171.85031127929688,139.84909057617188,51.669044494628906,36.32944107055664,34.710689544677734,22.44223403930664,23.898391723632812,81.00474548339844,53.31914520263672,46.24740982055664,66.7783432006836,23.24043846130371,102.22769165039062,89.3832778930664,91.57443237304688,58.502227783203125,71.15731048583984,122.01000213623047,14.180000305175781,13.617059707641602,66.03964233398438
2019-04-01,264.182861328125,181.3008270263672,144.5992889404297,53.18263244628906,37.18435287475586,36.91997528076172,24.458637237548828,23.8947696685791,78.80635833740234,56.23214340209961,47.566165924072266,69.43062591552734,23.456186294555664,100.19222259521484,88.91978454589844,91.97404479980469,59.07919692993164,71.28787231445312,121.19999694824219,14.020000457763672,13.779779434204102,65.93326568603516
2019-05-01,247.3356170654297,166.3885040283203,133.24440002441406,50.50597381591797,34.45878982543945,33.72096633911133,22.70410919189453,21.24180793762207,77.0582504272461,51.956302642822266,45.835296630859375,64.12609100341797,23.272411346435547,107.04460906982422,91.63062286376953,93.49214935302734,57.93678665161133,71.80239868164062,123.33000183105469,13.649999618530273,12.957616806030273,66.0244369506836
2019-06-01,264.546875,179.01744079589844,142.5513916015625,53.4917106628418,36.597904205322266,36.73504638671875,24.214773178100586,23.23750877380371,82.13947296142578,56.01716232299805,48.22768783569336,69.20514678955078,24.013940811157227,108.06168365478516,92.7458724975586,96.527587890625,59.76443099975586,72.13340759277344,133.1999969482422,14.329999923706055,13.471468925476074,67.0506591796875
2019-07-01,268.5466003417969,183.19717407226562,143.5231170654297,52.45002365112305,35.6255989074707,38.020111083984375,24.785053253173828,22.869123458862305,80.80951690673828,56.73148727416992,49.357177734375,69.56272888183594,23.981714248657227,108.3388671875,92.78136444091797,96.77278900146484,59.85807800292969,72.08738708496094,133.2100067138672,15.210000038146973,13.317313194274902,68.19374084472656
2019-08-01,264.05029296875,179.71726989746094,136.4459991455078,51.4409065246582,34.27802276611328,37.436424255371094,23.61817741394043,20.965181350708008,80.33072662353516,56.19574737548828,50.42853927612305,67.72128295898438,25.201950073242188,120.30931854248047,96.44772338867188,100.53340148925781,60.270931243896484,72.65100860595703,143.75,17.149999618530273,12.700691223144531,70.74842071533203
2019-09-01,269.1880798339844,181.36683654785156,139.22544860839844,53.06852340698242,34.85799789428711,38.02523422241211,24.690950393676758,21.790010452270508,80.24591827392578,56.910247802734375,51.31167221069336,69.76065063476562,26.273441314697266,117.08509826660156,95.30378723144531,99.7734603881836,60.53550338745117,72.553466796875,138.8699951171875,15.920000076293945,12.880539894104004,72.11181640625
2019-10-01,275.1383972167969,189.31088256835938,143.0064697265625,54.86704635620117,36.31645202636719,39.507904052734375,25.308223724365234,21.333602905273438,84.35926055908203,56.980979919433594,51.09446716308594,70.55142974853516,26.074586868286133,115.78180694580078,95.48284149169922,100.21760559082031,60.52852249145508,72.78050994873047,142.42999267578125,16.920000076293945,13.128900527954102,72.92377471923828
2019-11-01,285.0979919433594,197.01467895507812,148.82058715820312,55.48554229736328,36.2823371887207,41.62802505493164,26.586868286132812,21.6759090423584,88.57943725585938,57.73537826538086,51.796226501464844,73.72360229492188,25.58759307861328,115.31043243408203,94.82669830322266,100.69364166259766,60.872314453125,72.74618530273438,137.86000061035156,15.920000076293945,13.111772537231445,71.97260284423828
2019-12-01,293.3816223144531,204.67140197753906,152.96749877929688,57.14755630493164,39.087059020996094,43.42662048339844,27.280588150024414,22.982152938842773,91.65784454345703,59.33070755004883,53.04591751098633,73.5753173828125,26.4295597076416,111.6233139038086,93.94664001464844,101.22465515136719,62.035762786865234,72.85895538330078,142.89999389648438,16.68000030517578,13.878700256347656,72.52606201171875
2020-01-01,293.2631530761719,210.89024353027344,148.22157287597656,55.534515380859375,36.682777404785156,45.16046142578125,26.553810119628906,20.455799102783203,89.21027374267578,59.283390045166016,53.214385986328125,73.2502212524414,28.212799072265625,120.20851135253906,97.20264434814453,103.70068359375,61.74652862548828,73.28079223632812,149.3300018310547,16.81999969482422,12.686612129211426,73.4171142578125
2020-02-01,270.04669189453125,198.11569213867188,135.11036682128906,51.22211456298828,35.29770278930664,41.863319396972656,23.566953659057617,17.32847785949707,83.33430480957031,54.79410171508789,48.843013763427734,65.99835205078125,25.431602478027344,128.17405700683594,100.08149719238281,104.8324203491211,60.95027542114258,73.92318725585938,148.3800048828125,15.529999732971191,11.84257698059082,68.25843048095703
2020-03-01,236.32566833496094,183.68130493164062,106.09258270263672,43.99636459350586,29.73125457763672,38.272308349609375,18.609420776367188,11.372517585754395,80.09481048583984,46.62247085571289,46.140987396240234,53.70552062988281,22.889558792114258,136.3473358154297,103.80721282958984,98.2155532836914,54.83818435668945,74.84284973144531,148.0500030517578,13.050000190734863,9.789052963256836,55.021888732910156
2020-04-01,266.33514404296875,211.1852569580078,120.78392791748047,46.55583572387695,31.917760848999023,43.52957534790039,20.370254516601562,14.871153831481934,90.17671966552734,55.42597579956055,49.35146713256836,58.43809127807617,23.653783798217773,138.00930786132812,104.09295654296875,102.97486877441406,57.516265869140625,75.04686737060547,158.8000030517578,13.979999542236328,9.484503746032715,59.95298385620117
2020-05-01,279.0246887207031,225.1253662109375,128.74595642089844,49.08237838745117,32.867271423339844,46.653446197509766,20.924427032470703,15.168572425842285,93.14252471923828,59.033897399902344,50.17314529418945,61.58707809448242,24.65760040283203,135.5777587890625,104.433837890625,105.50834655761719,59.21098709106445,74.98802947998047,162.91000366210938,16.65999984741211,10.250225067138672,60.99275588989258
2020-06-01,283.9729919433594,239.2782440185547,133.16183471679688,50.80575180053711,35.03813552856445,49.895408630371094,20.815034866333008,15.002394676208496,90.86746215820312,60.848533630371094,50.060428619384766,62.80207443237305,23.505529403686523,136.0341339111328,104.47840881347656,107.75304412841797,58.86551284790039,75.00538635253906,167.3699951171875,17.010000228881836,10.71139907836914,62.47178649902344
2020-07-01,300.6968994140625,256.85693359375,137.0493927001953,51.790645599365234,37.929500579833984,52.73185348510742,21.61561393737793,14.281010627746582,95.8253402709961,65.27482604980469,53.52642822265625,65.57193756103516,25.33832359313965,142.0674285888672,105.37079620361328,111.09349060058594,61.84440231323242,75.07556915283203,185.42999267578125,22.649999618530273,11.2595853805542,64.74696350097656
2020-08-01,321.6845397949219,284.96917724609375,144.55474853515625,54.2362060546875,39.02471923828125,58.9968376159668,22.542118072509766,14.13039779663086,98.3042984008789,71.51166534423828,55.98504638671875,71.1300048828125,24.68018341064453,134.89796447753906,104.34884643554688,109.11798858642578,61.830562591552734,75.05823516845703,184.8300018310547,26.229999542236328,11.781668663024902,65.03336334228516
2020-09-01,309.63946533203125,268.50189208984375,139.84036254882812,53.1261100769043,38.630428314208984,55.84929656982422,21.770675659179688,12.066418647766113,96.16079711914062,70.17913055419922,55.04742431640625,70.64473724365234,24.947057723999023,135.94122314453125,104.69087982177734,108.63810729980469,61.25448989868164,75.0573959350586,177.1199951171875,21.639999389648438,11.364002227783203,63.30066680908203
2020-10-01,301.9190673828125,260.32623291015625,142.92112731933594,51.23977279663086,39.17366409301758,53.05443572998047,21.580738067626953,11.570869445800781,92.67830657958984,68.26447296142578,53.467281341552734,69.6260757446289,26.20743751525879,131.33937072753906,103.24530792236328,108.08370971679688,61.50162124633789,75.02265167236328,176.1999969482422,21.989999771118164,11.007245063781738,61.40069580078125
2020-11-01,334.7608642578125,289.5499267578125,168.9959259033203,58.55140686035156,42.69587707519531,59.09400939941406,25.216724395751953,14.810070037841797,100.04441833496094,75.08757781982422,57.460575103759766,80.78534698486328,26.400693893432617,133.52468872070312,103.59465026855469,112.16007232666016,63.562713623046875,75.03915405273438,166.6699981689453,21.049999237060547,12.129722595214844,67.34113311767578
2020-12-01,347.16326904296875,303.744873046875,183.60809326171875,61.48798751831055,45.73986053466797,62.3687744140625,26.80689811706543,15.473580360412598,103.84394836425781,76.91058349609375,58.40927505493164,81.59874725341797,26.564491271972656,131.88552856445312,103.34764099121094,112.32905578613281,64.80720520019531,75.06953430175781,178.36000061035156,24.56999969482422,12.791028022766113,69.18228149414062
2021-01-01,343.6254577636719,304.53875732421875,192.5047607421875,61.00761032104492,47.1916389465332,61.84591293334961,26.32495880126953,16.053325653076172,105.2994384765625,77.49893188476562,55.49964141845703,78.11543273925781,26.331466674804688,127.09432220458984,102.21894073486328,110.2716293334961,64.56224822998047,75.08692932128906,172.61000061035156,24.989999771118164,13.217395782470703,69.20670318603516
2021-02-01,353.1801452636719,304.1321716308594,204.44497680664062,62.37288284301758,47.563438415527344,62.690181732177734,29.38028907775879,19.65838623046875,103.08414459228516,77.0875473022461,54.815521240234375,83.49699401855469,24.725736618041992,119.80812072753906,99.80319213867188,107.77583312988281,64.40428161621094,75.04344940185547,161.80999755859375,24.65999984741211,14.55740737915039,71.5771484375
2021-03-01,369.21429443359375,309.35333251953125,207.2970733642578,63.9404296875,47.21819305419922,63.84158706665039,31.099750518798828,20.242431640625,107.23567962646484,80.52554321289062,59.473873138427734,91.00079345703125,27.33481788635254,113.5239028930664,97.4222183227539,106.1828842163086,65.18714141845703,75.00169372558594,159.9600067138672,22.700000762939453,14.45299243927002,75.26480865478516
2021-04-01,388.74957275390625,327.6356201171875,211.0031280517578,65.82820892333984,47.78474426269531,67.15359497070312,33.118255615234375,20.37859344482422,111.4520034790039,85.72398376464844,60.5795783996582,94.21745300292969,28.478744506835938,116.35645294189453,98.39765167236328,107.29057312011719,65.6028060913086,75.0443344116211,165.66000366210938,24.010000228881836,15.5841703414917,81.18048858642578
2021-05-01,391.3021240234375,323.70001220703125,211.575439453125,68.12052917480469,48.57260513305664,66.52870178222656,34.6983642578125,21.542142868041992,113.53717803955078,82.81090545654297,61.650474548339844,97.16609191894531,27.81287384033203,116.35896301269531,98.8156967163086,107.95860290527344,65.62840270996094,75.08956909179688,178.3800048828125,25.899999618530273,16.184566497802734,81.83594512939453
2021-06-01,400.0779724121094,343.9705505371094,215.52976989746094,67.38618469238281,49.03423309326172,71.11009216308594,33.64374923706055,22.4542236328125,116.1473617553711,85.673583984375,61.314815521240234,94.95121765136719,27.19868278503418,121.5009765625,99.82613372802734,110.34602355957031,66.49774169921875,74.96080780029297,165.6300048828125,24.219999313354492,16.75015640258789,83.994384765625
2021-07-01,409.8450012207031,353.811279296875,207.7117919921875,67.90730285644531,45.877906799316406,73.87433624267578,33.48786163330078,20.58686065673828,121.86480712890625,86.57567596435547,62.66434097290039,95.84136962890625,28.377307891845703,126.01676177978516,101.81293487548828,111.911865234375,66.56746673583984,75.08523559570312,169.82000732421875,23.6299991607666,16.967689514160156,87.70767211914062
2021-08-01,422.0418395996094,368.7374572753906,212.2879638671875,68.88972473144531,46.59808349609375,76.50376892089844,35.21177291870117,20.174205780029297,124.68665313720703,88.12071990966797,63.321571350097656,96.90775299072266,29.482807159423828,125.58800506591797,101.41132354736328,111.52693939208984,66.97269439697266,75.06084442138672,169.69000244140625,22.139999389648438,16.689247131347656,89.59733581542969
2021-09-01,402.3724060058594,347.78155517578125,206.17330932617188,66.64295959472656,44.79319381713867,72.0359878540039,34.562992095947266,21.97606086730957,117.8059310913086,86.23424530029297,60.700599670410156,91.01593780517578,27.686349868774414,121.93718719482422,99.79174041748047,109.84573364257812,66.72484588623047,74.98514556884766,164.22000122070312,20.520000457763672,17.559383392333984,84.50690460205078
2021-10-01,430.60430908203125,375.1310119628906,214.93865966796875,68.76158905029297,45.2733154296875,77.92642974853516,37.07716751098633,24.245817184448242,123.83967590332031,96.6621322631836,62.82564926147461,97.20210266113281,28.99958610534668,124.94300079345703,99.34969329833984,110.42900848388672,66.51746368408203,74.73356628417969,166.64999389648438,22.09000015258789,18.57744598388672,90.53478240966797
2021-11-01,427.1444091796875,382.62176513671875,205.62667846679688,65.64344024658203,43.42396926879883,81.39506530761719,34.95900344848633,23.030778884887695,120.05469512939453,98.24313354492188,61.9791374206543,93.74156188964844,28.5054988861084,128.40570068359375,100.43473052978516,110.29803466796875,65.73988342285156,74.69088745117188,165.5,21.059999465942383,16.950286865234375,88.6251220703125
2021-12-01,446.89892578125,387.0308532714844,210.29751586914062,68.52580261230469,44.078399658203125,84.03825378417969,36.135128021240234,23.717876434326172,130.8834228515625,98.3902359008789,68.45889282226562,98.80137634277344,31.267471313476562,125.81991577148438,99.90839385986328,110.26040649414062,67.24147033691406,74.53234100341797,170.9600067138672,21.510000228881836,18.08146858215332,97.22671508789062
2022-01-01,423.32891845703125,353.17724609375,190.2462158203125,66.03489685058594,44.06937789916992,78.28651428222656,36.14439010620117,28.17085838317871,121.90955352783203,89.01034545898438,67.44676971435547,94.06719970703125,30.24968147277832,120.89540100097656,97.79729461669922,106.2999267578125,65.4562759399414,74.01826477050781,168.08999633789062,20.799999237060547,19.50849151611328,89.0385971069336
2022-02-01,410.8334045410156,337.369140625,192.2125701904297,63.770442962646484,42.16548156738281,74.46813201904297,35.644691467285156,30.162311553955078,120.72974395751953,85.39122772216797,66.49681854248047,93.27350616455078,29.673080444335938,118.92120361328125,97.49991607666016,104.03417205810547,64.89397430419922,73.69841766357422,178.3800048828125,22.6200008392334,20.77019500732422,85.93766021728516
2022-03-01,426.27685546875,353.1172180175781,194.43751525878906,64.10139465332031,40.739810943603516,76.95909881591797,35.59836196899414,32.97904586791992,127.65740203857422,89.17118835449219,67.68136596679688,96.4787368774414,32.742835998535156,112.4466781616211,93.54048919677734,101.023681640625,64.05872344970703,72.66532897949219,180.64999389648438,22.8799991607666,22.675796508789062,91.32071685791016
2022-04-01,388.8630065917969,305.1083679199219,175.18980407714844,59.78152847290039,38.240386962890625,68.4802017211914,32.0589599609375,32.422489166259766,121.4138412475586,78.50921630859375,69.2420654296875,89.13370513916016,31.335678100585938,101.849853515625,89.5853500366211,94.25582885742188,61.38085174560547,72.30422973632812,176.91000366210938,21.040000915527344,23.95490074157715,87.58768463134766
2022-05-01,389.74066162109375,300.2674560546875,175.5308074951172,60.974727630615234,38.4749870300293,68.0104751586914,32.95077133178711,37.621299743652344,123.2216796875,74.48927307128906,66.4149398803711,88.72146606445312,32.68567657470703,99.55487823486328,90.13934326171875,96.01264190673828,62.38134002685547,72.7353515625,171.13999938964844,19.84000015258789,25.059972763061523,83.48384094238281
2022-06-01,357.60260009765625,273.5199890136719,160.8452911376953,55.62928771972656,36.490577697753906,61.71562194824219,29.37203598022461,31.198043823242188,120.00801086425781,66.41948699951172,64.85604095458984,82.18536376953125,31.085554122924805,98.28599548339844,89.36103820800781,92.53433227539062,57.9835205078125,72.30303192138672,168.4600067138672,18.639999389648438,23.18047332763672,77.26522827148438
2022-07-01,390.5332336425781,307.8514099121094,177.8358612060547,58.504669189453125,36.3631706237793,70.01751708984375,31.482715606689453,34.21269607543945,123.90096282958984,78.66661834716797,66.9316635131836,89.9955062866211,32.778804779052734,100.67533111572266,92.00743103027344,96.64691925048828,61.867767333984375,72.5993423461914,164.10000610351562,18.700000762939453,22.719301223754883,83.92236328125
2022-08-01,374.5987243652344,292.0519714355469,174.27439880371094,54.92601776123047,35.88088607788086,65.66752624511719,30.866313934326172,35.120155334472656,116.75140380859375,75.13016510009766,65.69165802001953,87.44544219970703,32.9516716003418,96.09149932861328,88.46160125732422,92.3663101196289,59.20193862915039,72.01128387451172,159.27000427246094,16.579999923706055,22.379947662353516,78.87651824951172
2022-09-01,339.9686279296875,261.28271484375,157.43873596191406,49.8607177734375,31.740436553955078,57.808998107910156,28.503206253051758,31.763120651245117,113.78744506835938,68.96468353271484,60.349063873291016,78.32406616210938,29.234397888183594,88.17826843261719,84.27297973632812,86.84295654296875,56.98758316040039,71.1526870727539,154.6699981689453,17.5,20.80500030517578,68.72408294677734
2022-10-01,367.5997619628906,271.7336730957031,175.01358032226562,52.79841232299805,31.11253547668457,62.233009338378906,31.901813507080078,39.69287109375,124.72370147705078,69.7296142578125,65.78436279296875,89.20663452148438,29.801143646240234,82.91893005371094,83.04763793945312,86.19573974609375,58.905670166015625,71.06319427490234,151.91000366210938,17.6200008392334,21.857866287231445,71.13289642333984
2022-11-01,388.0351257324219,286.7989501953125,178.87030029296875,59.7509651184082,35.96278381347656,66.17033386230469,34.089317321777344,40.20005416870117,130.61459350585938,70.76567840576172,69.808837890625,96.17485809326172,31.876239776611328,88.84850311279297,86.04754638671875,91.92575073242188,60.926902770996094,71.55621337890625,164.80999755859375,20.43000030517578,22.17981719970703,75.50475311279297
2022-12-01,365.6734313964844,260.9478454589844,167.21847534179688,58.66773223876953,35.01426696777344,60.73757553100586,32.30968475341797,38.97438049316406,128.16201782226562,62.70195007324219,67.90477752685547,93.29939270019531,31.71864128112793,86.5206298828125,84.7670669555664,90.49988555908203,59.856449127197266,71.64043426513672,169.63999938964844,22.020000457763672,21.578407287597656,71.7035903930664
2023-01-01,388.6695861816406,288.7203369140625,183.6372528076172,63.949974060058594,38.210819244384766,66.3603286743164,34.53924560546875,40.07049560546875,125.81294250488281,72.18783569335938,67.1669692993164,96.75739288330078,31.08426856994629,93.13395690917969,87.802734375,95.16949462890625,62.051368713378906,72.19647979736328,179.41000366210938,21.829999923706055,21.770994186401367,79.16255950927734
2023-02-01,378.89739990234375,287.6816101074219,180.47244262695312,61.98365020751953,35.31913375854492,66.63367462158203,33.74568557739258,37.290103912353516,119.97322845458984,70.65377807617188,65.6093978881836,95.92139434814453,29.244144439697266,88.616455078125,84.93089294433594,91.2017822265625,60.881591796875,71.6146240234375,169.77999877929688,19.219999313354492,20.79930877685547,74.520263671875
2023-03-01,392.9460754394531,314.9903869628906,171.72430419921875,63.92315673828125,36.45547866821289,73.86874389648438,30.52374839782715,37.29209518432617,122.61001586914062,72.81714630126953,68.37763214111328,96.51526641845703,30.678865432739258,92.9049072265625,88.09119415283203,94.71167755126953,62.089717864990234,72.79480743408203,183.22000122070312,22.1200008392334,20.781801223754883,72.91401672363281
2023-04-01,399.223388671875,316.5901794433594,168.64405822753906,65.80010986328125,36.150611877441406,73.78070831298828,31.492155075073242,38.327613830566406,126.46466064453125,71.99907684326172,70.87626647949219,95.38966369628906,31.26352882385254,93.21926879882812,88.8089599609375,95.28374481201172,62.2151985168457,72.9723892211914,184.8000030517578,23.0,20.624229431152344,73.14231872558594
2023-05-01,401.0663146972656,341.54949951171875,167.26756286621094,63.16344451904297,35.28218460083008,80.3599624633789,30.153474807739258,34.48269271850586,121.0662612915039,73.82510375976562,66.51055145263672,92.38490295410156,29.42796516418457,90.40840148925781,87.53157806396484,93.5982437133789,61.44904327392578,72.6973648071289,182.32000732421875,21.610000610351562,19.30238914489746,70.24471282958984
2023-06-01,427.0552978515625,363.0803527832031,180.7615966796875,65.98688507080078,36.83420181274414,85.22429656982422,32.14844512939453,36.866607666015625,126.22447204589844,82.85374450683594,68.36499786376953,102.78156280517578,29.89767074584961,90.6047134399414,86.43285369873047,94.35652160644531,62.54294967651367,72.33786010742188,178.27000427246094,20.889999389648438,19.87139320373535,74.19911193847656
2023-07-01,441.0342712402344,377.09564208984375,191.8040008544922,67.77080535888672,39.05951690673828,87.42525482177734,33.693397521972656,39.73255157470703,127.5748291015625,84.77128601074219,69.82135009765625,105.75045776367188,30.642370223999023,88.29948425292969,85.86956787109375,94.40727233886719,63.24069595336914,72.5578842163086,182.35000610351562,22.690000534057617,21.60466957092285,75.70867156982422
2023-08-01,433.8665771484375,371.5032043457031,182.05502319335938,65.1040267944336,36.471065521240234,86.10665893554688,32.78740692138672,40.38658142089844,126.68093872070312,83.29288482666016,67.06534576416016,103.653076171875,28.764631271362305,85.52505493164062,85.24198150634766,93.24696350097656,63.35684585571289,72.85562133789062,180.02000427246094,22.389999389648438,21.525882720947266,73.15129852294922
2023-09-01,413.2862854003906,352.6313781738281,171.3982391357422,62.7285041809082,35.33512878417969,80.52837371826172,31.77486228942871,41.35719299316406,122.93219757080078,78.68513488769531,63.854339599609375,97.48828125,27.1416015625,78.72482299804688,82.56637573242188,89.92990112304688,62.33454895019531,72.79804229736328,171.4499969482422,20.34000015258789,21.84977912902832,67.8377685546875
2023-10-01,404.3144226074219,345.34783935546875,159.54759216308594,60.90816879272461,34.171260833740234,80.56765747070312,30.99892807006836,38.97798156738281,118.92169189453125,74.34468841552734,62.97277069091797,94.58421325683594,27.491640090942383,74.4239730834961,80.97471618652344,87.76087188720703,61.68429946899414,73.04051971435547,184.08999633789062,20.979999542236328,21.455852508544922,65.38105010986328
2023-11-01,441.24609375,382.71044921875,174.22996520996094,65.91407775878906,36.83420181274414,90.95732116699219,34.390037536621094,38.698883056640625,125.38627624511719,82.4976806640625,65.57110595703125,102.94062805175781,28.90559959411621,81.80970001220703,84.66268920898438,94.40827178955078,64.69922637939453,73.80890655517578,188.75,23.1299991607666,20.930618286132812,73.28022003173828
2023-12-01,461.3913269042969,404.09228515625,195.35743713378906,69.44113159179688,38.147457122802734,94.76176452636719,36.19685363769531,38.72874450683594,130.81063842773438,87.55654907226562,67.34916687011719,110.21394348144531,29.442903518676758,88.91548919677734,87.85638427734375,99.01094818115234,66.76476287841797,74.62333679199219,191.1699981689453,21.780000686645508,20.241731643676758,80.2017822265625
2024-01-01,468.7396240234375,411.443603515625,187.73622131347656,69.12779998779297,36.42081069946289,97.32183074951172,37.31356430053711,38.530120849609375,134.64724731445312,83.69310760498047,68.18132781982422,109.15037536621094,28.56886863708496,86.91919708251953,87.92018127441406,98.572509765625,66.8424072265625,74.8598403930664,188.4499969482422,20.90999984741211,20.50806999206543,76.14449310302734
2024-02-01,493.2016906738281,433.181640625,198.29685974121094,71.19213104248047,37.93873596191406,101.9004135131836,38.8346061706543,39.791194915771484,138.90591430664062,90.29866027832031,69.61189270019531,116.99172973632812,28.871057510375977,84.96162414550781,86.089111328125,96.66808319091797,67.04529571533203,74.56970977783203,189.30999755859375,20.729999542236328,20.195810317993164,77.65121459960938
2024-03-01,509.3303527832031,438.70458984375,205.21142578125,73.59746551513672,38.97282409667969,102.70481872558594,40.700843811035156,43.9638557434082,142.20877075195312,90.24017333984375,71.92341613769531,122.1637954711914,30.773664474487305,85.62675476074219,86.72032165527344,98.15774536132812,67.77599334716797,74.82589721679688,205.72000122070312,22.75,21.095849990844727,79.16622924804688
2024-04-01,488.79437255859375,419.5166015625,191.15985107421875,71.21056365966797,38.887447357177734,96.78721618652344,39.00014877319336,43.549407958984375,135.08534240722656,86.18184661865234,71.11339569091797,117.85762023925781,31.28459930419922,80.09916687011719,84.00617218017578,94.97444915771484,66.86013793945312,74.49542999267578,211.8699951171875,24.049999237060547,21.43566131591797,72.87723541259766
2024-05-01,513.5173950195312,445.32452392578125,200.79103088378906,74.81394958496094,39.64640808105469,103.63684844970703,40.237022399902344,43.40039825439453,138.3293914794922,86.35360717773438,72.84648895263672,119.78765106201172,34.0877571105957,82.41162109375,85.51840209960938,97.07688903808594,67.95259094238281,75.03143310546875,215.3000030517578,27.760000228881836,21.371374130249023,76.20023345947266
2024-06-01,531.6343383789062,474.1375427246094,198.5333709716797,73.44729614257812,40.68436050415039,111.75720977783203,39.882164001464844,42.78663635253906,140.85252380371094,89.7015609741211,72.67521667480469,118.60311126708984,32.19839096069336,83.90912628173828,86.55915832519531,97.65581512451172,68.2783432006836,75.43982696533203,215.00999450683594,26.56999969482422,21.334636688232422,77.62944030761719
2024-07-01,538.072021484375,466.1809997558594,219.0531005859375,75.35074615478516,41.028255462646484,108.08680725097656,42.433616638183594,43.75361633300781,144.60215759277344,92.20474243164062,73.88045501708984,124.43254852294922,34.395660400390625,86.95498657226562,89.06698608398438,100.23204803466797,69.88443756103516,76.32975006103516,226.5500030517578,26.389999389648438,20.737672805786133,83.79271697998047
2024-08-01,550.644287109375,471.3270263671875,215.354248046875,77.80743408203125,41.42945861816406,108.8426284790039,44.37388610839844,42.847660064697266,151.9177703857422,92.02278137207031,78.30284118652344,127.93606567382812,36.049537658691406,88.79080200195312,90.2656478881836,102.10689544677734,70.9657974243164,77.01055908203125,231.2899932861328,26.350000381469727,20.306018829345703,88.16724395751953
2024-09-01,562.21044921875,483.68328857421875,216.8844451904297,78.41691589355469,43.808048248291016,111.725341796875,44.12588119506836,41.55447769165039,149.39979553222656,98.74223327636719,79.18643188476562,132.2373046875,38.429874420166016,90.56612396240234,91.51355743408203,104.11117553710938,72.17013549804688,77.60604095458984,243.05999755859375,28.40999984741211,20.452964782714844,91.0500259399414
2024-10-01,557.1934814453125,479.501220703125,213.81117248535156,74.28182220458984,42.46113967895508,109.98336791992188,45.255313873291016,41.928367614746094,142.46426391601562,97.02731323242188,76.43876647949219,130.66537475585938,38.01598358154297,85.62584686279297,88.41363525390625,100.8010482788086,71.47472381591797,77.12191009521484,253.50999450683594,29.809999465942383,20.746854782104492,87.99384307861328
2024-11-01,590.4209594726562,505.15850830078125,237.48397827148438,74.04739379882812,41.32438278198242,115.66959381103516,49.98725891113281,45.21296691894531,142.9880828857422,109.5493392944336,79.39632415771484,140.58511352539062,39.45269775390625,87.3274154663086,89.3162841796875,102.6063003540039,72.6501693725586,77.35023498535156,245.58999633789062,27.920000076293945,20.33357048034668,91.74164581298828
2024-12-01,576.2152099609375,507.4521484375,217.59730529785156,71.86286926269531,40.62323760986328,115.25932312011719,47.25725173950195,40.88175964355469,134.0474395751953,110.76911163330078,75.56722259521484,129.29164123535156,36.30670166015625,81.75503540039062,87.29916381835938,99.86077880859375,72.08328247070312,77.54396057128906,242.1300048828125,26.329999923706055,20.683862686157227,84.06085968017578
